,Ticker_ID,Comment_Frequency,Upvotes
38,GME,5393,207340
30,AMC,5018,160685
65,PLTR,4234,67624
9,THE,1448,62510
122,HOLD,718,37730
8,WISH,1697,33375
150,NOK,679,33310
42,SNDL,1091,32821
112,CLOV,1380,25576
0,CLNE,1261,24553
104,YOU,495,23354
34,TSLA,1648,22148
76,N'T,69,22101
555,MVIS,1095,21341
7,TLRY,1135,19070
167,AND,398,18674
143,CNBC,371,17969
21,NOT,295,16343
205,BUY,497,16150
184,SELL,160,16131
90,WSB,497,14953
89,SPY,1263,13737
28,UWMC,896,13697
968,APHA,757,13554
14,THAT,107,13321
177,LET,108,12449
20,THIS,259,11329
36,LETS,402,10017
98,AAPL,770,9997
41,RKT,774,9916
33,EOD,483,9826
40,WKHS,610,9612
179,BOYS,108,9093
929,ICLN,544,8605
172,FUCK,289,8566
246,DONT,118,7916
196,ARE,212,7822
162,MOON,286,7131
77,STOP,169,7117
128,FOR,202,6768
31,FOMO,256,6764
97,CLF,428,6496
245,WILL,110,6483
3,NIO,493,6420
131,GANG,155,6203
73,ALL,147,6191
117,GET,172,5822
11,HERE,80,5623
317,THEY,77,5588
2,AMD,530,5583
192,JUST,137,5243
163,BABY,125,4990
651,LINE,68,4568
195,LIKE,98,4494
64,ASO,360,4456
4,EOW,221,4430
61,OUT,60,4397
17,SPCE,369,4337
251,OCGN,294,4301
183,MNMD,213,4289
116,DIP,155,4279
124,DAY,76,4228
217,BACK,135,3737
91,YOUR,111,3569
39,SOFI,221,3527
144,TIME,84,3434
176,NOW,154,3404
145,KEEP,73,3320
59,CRSR,254,3285
66,HOLY,118,3205
284,HAVE,85,3180
88,RIP,188,3050
35,DKNG,242,3040
598,DFV,132,2995
81,LFG,84,2976
49,ITS,104,2947
44,SENS,209,2929
264,SEC,61,2882
1727,HMU,1,2863
187,OPEN,125,2818
67,SHIT,80,2773
138,WHAT,103,2731
206,MORE,72,2614
327,WHO,53,2610
68,COIN,212,2563
336,WHEN,41,2545
23,CAN,78,2524
339,NEED,53,2474
573,ANY,18,2460
330,JPOW,165,2443
130,WIN,16,2421
263,DOWN,90,2339
495,POP,10,2329
127,OFF,64,2293
755,RBLX,130,2251
74,APES,68,2240
141,GUYS,53,2110
438,HAS,50,1867
120,YOLO,94,1833
212,MAKE,55,1825
519,WALL,26,1812
363,TOO,20,1782
262,DID,48,1744
26,CEO,108,1682
83,VIAC,163,1652
93,PLUG,137,1565
134,LOL,97,1532
223,GSAT,125,1523
165,COME,65,1495
629,OUR,39,1473
345,WHY,51,1451
384,STAY,15,1430
129,WOOF,88,1429
490,FROM,40,1401
140,ATH,92,1379
6,WTF,101,1376
125,TAKE,49,1376
518,ONLY,50,1360
216,OVER,39,1352
136,WANT,45,1344
10,ONE,42,1341
85,IPO,53,1321
276,OMG,45,1319
46,PSFE,118,1283
340,EVEN,19,1276
160,NEXT,31,1272
60,LOVE,60,1250
62,RISE,67,1247
1088,ZOM,75,1237
586,GIVE,27,1176
688,THEM,13,1172
1775,🚨WE,1,1130
733,NAKD,39,1126
45,GOEV,91,1124
105,BABA,93,1123
12,NVDA,114,1099
535,WORK,12,1081
137,KNOW,21,1065
727,CUM,31,1055
335,SAY,16,1044
193,HIT,33,1034
265,MEME,31,1033
43,WITH,53,1029
796,ARK,65,1026
1731,HOL,17,1009
133,RIOT,83,994
328,SOLD,19,966
188,ARKK,77,965
250,EVER,14,951
220,GOT,40,946
57,GUH,61,937
191,WERE,22,935
540,BEEN,18,932
186,GOOO,37,929
24,SEE,32,911
324,ASS,28,909
1023,MANY,10,907
87,HOUR,55,905
243,THAN,15,902
178,LOT,14,899
197,HYLN,51,874
782,NYSE,20,873
329,LMAO,52,866
889,BUT,31,846
158,GON,45,830
379,EAT,9,810
561,ASAP,6,807
430,FLY,37,802
306,TRCH,4,788
319,GOD,33,788
198,BIG,39,782
579,WEED,29,776
331,SOME,27,763
269,AMZN,62,757
208,GOOD,42,748
592,SALE,23,744
344,HOW,26,737
542,FULL,10,737
69,ETF,37,726
289,INTO,27,724
48,NEW,24,716
32,BBBY,40,708
819,WELL,8,705
225,RUN,32,700
1269,ARKG,35,697
180,CALL,33,697
204,PUSH,31,694
334,SAID,38,694
109,LOOK,32,692
248,NEWS,29,685
224,BULL,38,685
16,USA,8,683
427,CANT,32,677
326,HAND,10,673
312,FUBO,59,665
173,YALL,15,661
369,MOLY,39,657
1802,ASIA,3,657
78,WAY,33,652
1350,WENT,8,649
364,APE,19,649
793,WAS,29,644
241,DIPS,18,641
101,BNGO,47,637
1786,230M,1,630
530,READ,5,619
597,LEFT,9,614
653,BOIS,15,610
815,TDA,10,596
1729,HOPE,3,583
298,HARD,31,573
1081,PTSD,4,555
728,YET,8,551
612,WEEK,26,545
268,FUK,37,545
423,LAST,26,545
207,IRA,11,543
357,PUMP,15,539
1184,CCIV,45,539
1089,MIND,2,533
360,BRUH,4,525
628,'RE,14,522
963,MODS,17,522
543,SEND,13,514
846,RAIN,2,508
86,AMA,31,499
315,GOO,21,496
818,NICE,8,495
362,FREE,15,487
290,YES,32,485
161,PLAY,24,481
325,AINT,14,477
552,ORPH,29,471
949,PTON,33,470
1843,RBC,10,470
376,VIX,43,466
403,MAN,21,462
1846,7AM,1,459
1838,🚀🚀WE,1,458
175,LZB,38,456
426,🅱️🅱️,22,454
190,PUTS,28,452
149,NNDM,27,448
55,ROPE,37,445
587,QUIT,8,444
121,WOW,22,444
1803,BITC,1,443
135,ITM,35,440
1648,PSTH,36,439
152,RIDE,39,427
1230,DEEP,8,426
916,ELON,29,426
321,HUGE,16,422
235,10K,20,422
29,0DTE,40,417
1232,RMO,44,403
166,SOON,15,402
394,USD,12,396
99,QQQ,40,395
82,MOVE,18,391
354,PAST,12,387
96,LIFE,17,385
611,END,16,385
897,TILL,12,381
256,DAMN,23,372
1711,15M,1,372
47,UBER,5,370
550,CPI,16,357
159,OTM,24,356
659,WAKE,8,355
867,JNJ,12,354
522,WONT,16,353
886,PLZ,6,353
80,MSFT,26,349
50,RED,21,349
37,SNL,15,347
1273,DUMP,7,346
1921,ELI5,1,343
374,EOY,26,341
985,PIN,8,336
656,MADE,14,334
479,IMO,19,334
249,LOSE,13,330
1704,HALT,6,330
359,PSA,11,328
1476,SKT,22,327
1899,MLK,17,326
858,AAL,6,326
487,RICH,13,324
700,USED,3,323
260,EOM,24,320
300,HIGH,18,318
15,COCK,22,316
905,BANG,9,313
558,LONG,17,312
813,INFO,2,311
404,HIS,10,310
674,FEEL,12,310
1422,COMI,1,304
242,GETS,10,302
524,HODL,13,301
1548,BEG,2,299
1170,DOES,11,298
63,TECH,23,296
164,CMON,16,296
1024,DAYS,9,294
856,DIS,31,293
392,HITS,8,293
794,APPL,20,292
271,MARA,30,290
526,TITS,12,290
1486,DING,18,288
1092,IBM,14,288
654,FIRE,8,288
486,WEN,18,286
292,PLT,15,286
1475,WSJ,7,284
310,DICK,17,281
683,MUST,10,281
1042,GAME,12,277
1749,SEL,3,272
257,GRAB,3,270
499,WOKE,7,269
5,DIDI,32,263
1441,CAR,3,263
599,LOW,9,262
282,REAL,14,260
1163,HEY,12,259
714,SAW,3,259
407,STEP,2,256
877,CALM,8,255
200,TOLD,9,254
901,BTX,22,252
664,TRAP,21,252
233,YEAH,15,251
123,HOP,12,251
928,YTD,15,251
352,JOB,10,250
291,UWM,18,249
804,MAY,11,248
474,VZIO,20,246
313,TOP,12,245
498,MISS,11,243
1384,BOYZ,8,243
1300,PUT,9,239
219,WHOS,11,237
553,HAD,4,236
429,BEAR,17,232
1379,SOS,19,231
787,HELD,7,230
872,MMED,18,229
1325,10Y,13,229
844,U.S.,14,224
347,MENU,10,222
1788,YEST,1,220
1787,DUG,1,220
155,PAY,6,219
1751,MOR,1,218
309,SUCK,13,217
1601,DON,7,216
532,VXRT,17,215
682,SHIP,11,213
458,GAY,12,213
593,UMWC,13,212
648,BB🚀🚀,8,212
1789,MILL,2,206
1040,SAYS,9,205
388,PICK,9,205
1064,CFA,3,204
513,FAT,3,204
297,MUSK,14,203
447,USE,7,203
626,SAVE,8,203
157,ITUB,20,203
1225,CPA,2,202
1517,PIG,2,201
1141,BAD,6,201
627,SAKE,6,199
1837,HERO,2,198
1336,NAME,4,196
978,MVI,8,194
185,DOW,15,194
677,BB🚀,9,194
1842,14M,1,194
1054,TSM,21,193
266,LOSS,7,192
527,PST,4,191
385,HOME,7,191
1335,GMED,9,190
823,IRS,11,189
750,CAME,6,188
1420,COV,3,188
285,LIFT,15,187
1459,ARKF,14,186
631,NKLA,17,183
588,STO,5,181
1015,SUB,4,180
549,100M,4,177
798,LADS,4,177
1056,HATE,8,176
1078,TWO,8,176
944,BMBL,11,173
1800,SON,3,173
1160,VLAD,5,173
565,PRE,6,172
348,FYI,10,172
865,VXX,16,171
539,WEVE,4,171
1101,BRRR,8,170
1011,GUY,4,170
547,SKLZ,18,169
154,15K,5,167
668,BELL,8,167
1263,HYPE,6,166
434,LOST,9,166
279,ILL,11,166
589,THEN,8,165
1018,SEEN,7,164
1752,DATA,3,163
582,MARS,9,163
551,WAN,5,163
170,HULK,13,163
113,GONE,8,162
1272,JACK,9,161
372,TEAM,12,160
267,AWAY,7,159
881,WAR,4,158
904,BRR,5,158
619,DATE,4,158
1349,DUDE,4,158
704,FUEL,6,158
13,SHOW,10,157
189,PLS,10,157
538,YEAR,9,156
605,GOIN,6,154
670,100K,9,154
548,DEAD,10,154
667,HEAR,7,153
1284,WSFT,3,153
473,WIFE,5,152
377,MOM,12,152
320,LATE,6,152
1246,MEGA,8,151
757,ROLL,7,150
737,TLR,7,150
500,NOON,4,149
1750,💎💎WE,1,149
457,ELSE,7,148
346,ISNT,4,147
415,PER,5,147
494,BOUT,6,145
210,ARKX,11,145
848,FML,11,145
1343,TIL,6,144
504,OWN,9,143
1449,DNN,9,143
477,TTCF,12,142
907,DIE,10,142
603,MARK,6,140
508,EST,11,140
875,JOIN,5,139
1103,FOM,4,139
1584,AOC,8,137
314,HELL,8,137
84,POS,13,137
1719,FOOL,4,134
110,TELL,10,134
1590,HOLE,2,132
784,POST,4,132
950,CASH,6,131
871,FTW,8,131
541,ACB,8,129
119,BUST,6,128
108,PDT,11,128
1771,EXIT,2,127
1831,NOK🚀,9,126
754,TAN,10,126
1687,1.5B,2,125
1537,WON,3,124
1569,FVCK,1,124
761,GME🚀,5,124
1621,CRY,2,124
118,BOY,7,124
662,FIND,5,123
401,FED,12,122
780,SHE,7,121
296,PAPA,5,121
278,GOES,8,121
1292,BYE,6,121
1745,SPA,2,120
675,DARE,4,119
694,ONCE,6,119
723,FACT,5,119
1480,85K,2,118
485,KING,7,118
114,BRO,6,118
857,20K,7,117
71,ROKU,12,117
287,GAP,6,117
1671,VFF,4,116
912,FUND,4,116
812,DIA,5,116
1776,YAY,1,115
226,FKN,6,115
1211,OHHH,2,115
433,MUCH,9,114
238,WYA,4,114
908,DASH,12,114
1012,STUF,1,113
1010,OREO,1,113
308,BAG,5,113
366,LOAD,6,112
275,SPAC,6,111
75,KBH,12,111
831,50K,5,111
1239,QNX,5,111
1174,TSL,10,110
1847,ASK,2,110
1497,IVE,5,110
684,30K,5,109
332,TIM,10,109
378,KIDS,5,109
1217,DMX,12,109
969,TURN,7,109
559,TERM,5,108
409,WOOD,4,108
1447,HALF,4,108
448,SHUT,5,108
399,BOOM,8,108
476,CARE,4,107
1551,RIGH,2,107
971,FEED,5,107
492,BERS,9,107
247,FAKE,6,106
1922,'LL,2,106
1841,BOI,1,105
418,P/E,11,105
252,STAR,5,104
322,KNEW,5,103
228,WIS,5,102
1767,ONTO,2,102
491,HAHA,6,102
838,FALL,5,102
72,BLOW,5,102
993,FUC,6,101
213,BANK,4,101
1295,JOE,7,101
1742,ABOU,3,100
1391,5AM,1,99
529,ROOT,6,98
480,FUD,7,98
617,POOR,6,98
1305,DONE,5,98
1033,TFW,7,97
1241,NSFW,3,97
770,CCL,10,97
1732,FAR,4,96
811,DTE,7,96
942,PEAK,3,95
608,MOST,4,95
373,DUTY,6,95
934,CNB,4,94
380,BEST,7,94
151,CLO,8,93
834,LEAP,3,92
1754,ATTA,2,92
632,EASY,5,92
1543,PTLR,7,91
709,WOO,2,91
274,SNAP,10,91
528,CHWY,9,91
406,FBI,5,90
1436,40K,3,90
1442,T212,3,90
100,UPST,8,90
1561,9MM,1,90
1457,🚨GME,3,89
531,PRO,3,89
1307,BOSS,2,89
1260,BOTH,5,88
1790,TOM,2,88
253,NFLX,10,88
1769,APP,2,87
595,CGC,7,87
1779,DEAR,2,86
1189,U.K.,3,86
952,PS5,6,86
913,MINS,4,86
1240,UTME,10,85
1810,WHE,1,85
1293,CAT,6,85
749,AMC🚀,7,84
209,FAA,7,84
1147,NASA,4,84
1805,EURO,1,84
1702,AUTO,1,83
1074,800C,7,83
922,FCEL,10,83
984,LIST,3,82
356,LIT,3,82
1082,CHOO,6,82
860,LIVE,5,81
1393,SIGN,4,81
1923,PLE,1,80
1278,DUMB,5,80
892,SICK,2,80
1735,HASN,2,80
590,FUN,6,80
1277,KARP,7,79
1728,VOTE,1,79
239,TRLY,5,79
1385,MON,4,79
1822,HRS,2,79
92,EPS,7,78
764,UVXY,9,78
909,CDC,8,78
1753,PART,1,78
1481,ALOT,4,77
1196,VAX,1,77
520,500M,3,77
1743,COLD,2,77
1257,DIDN,3,77
510,LESS,4,76
398,TEN,2,76
1757,HIM,2,76
182,RSI,6,76
1909,VALH,1,76
1840,ICON,1,76
1464,CMI,1,75
646,BB88,3,75
442,POW,6,75
1549,/DFV,1,75
1460,DOOR,3,75
1777,OURS,1,75
999,JOBS,3,75
1416,WAIT,5,75
1799,FEET,2,74
810,AYE,2,73
1047,SNOW,2,73
1199,APH,4,73
843,TRY,4,73
1427,OGI,4,73
146,PRPL,8,73
1611,TIP,2,72
687,PLUS,2,72
1791,SQU,1,72
1686,DIG,1,72
1466,CLIT,1,72
970,THI,5,72
791,FAST,6,71
509,EYES,5,71
444,SEXY,6,71
580,OMFG,5,71
1097,4PM,2,71
1208,GAPE,5,70
1725,SAME,1,70
676,BTW,3,70
270,VWAP,7,69
488,TACO,5,69
1772,LIK,2,69
898,CORN,5,69
416,OFFF,4,69
1245,ARMY,4,68
747,HOOD,2,68
2014,52WK,1,68
557,HRTX,5,68
1085,STON,2,68
876,BILL,4,68
261,CLN,3,68
1180,SIKE,1,68
1546,LIL,3,67
1792,6AM,1,67
1778,FLA,1,67
437,WHKS,2,66
1509,BOTS,4,66
641,APPS,2,66
1710,PLAN,1,66
1713,SSR,2,66
227,700C,5,66
1759,CARD,2,65
1688,ME😋,1,65
1261,HOWS,2,64
1613,1B+,3,64
1608,RULE,3,64
721,35C,4,64
1737,WORD,2,64
1558,INV,1,63
484,MVP,4,63
156,INTC,7,63
194,BTFD,6,63
917,MNDM,3,63
741,FKIN,3,62
211,NKE,2,62
1571,FIX,2,62
1079,LUL,4,62
781,EVE,3,62
743,OLD,4,61
725,BBC,1,61
1143,PENN,7,61
1793,LOTS,1,61
1756,PUS,1,61
397,GIM,5,61
478,AAP,3,61
1432,RYAN,3,60
1781,NEV,1,60
1780,WORM,1,60
795,DAD,5,60
1796,QHIT,1,60
946,JPM,6,60
957,APY,1,59
1183,AGA,2,59
203,20C,5,59
387,WWE,5,59
1907,VALE,6,59
1794,MOTH,1,59
259,POV,3,59
295,FLAG,4,59
1035,HORY,1,58
1650,'ITS,1,58
584,27K,2,58
1755,GAVE,1,58
691,STR,2,58
633,CLAP,2,58
400,1MM,2,58
1063,LOV,2,58
1036,SHET,1,58
1377,AGO,2,58
1748,PRAY,2,57
365,III,4,57
338,WEAK,5,57
717,T-20,2,57
469,JUMP,5,57
556,TRUE,3,57
1795,SUN,1,56
665,THR,3,56
711,CAD,4,56
1,MMAT,5,56
1351,GMC,3,56
1762,116M,1,55
1911,UPV,1,55
1065,CIA,4,55
1091,WIT,1,55
1766,GROW,2,55
566,INO,6,55
1140,4K+,1,55
1763,37M,1,55
1603,SHI,2,55
1456,SLOW,3,54
1167,OTHE,2,54
1253,XPEV,5,54
1765,NAP,1,54
1718,1PM,2,54
686,BBY,2,54
1761,LAD,1,54
961,SINK,2,54
1746,DROP,2,54
1764,BAJA,1,54
1243,DJIA,2,53
1839,EFT,1,53
428,SQQQ,6,53
431,SHES,4,53
1076,10M,3,53
1000,TEC,1,53
405,GIRL,4,53
1302,MASS,2,52
1675,SND,2,52
425,PINS,5,52
1784,TON,1,52
371,KONG,5,52
115,EDT,3,52
1782,AMC💎,1,51
726,AMC\,3,51
935,MAD,3,51
1289,NYC,4,51
859,ATM,6,51
1783,GME💎,1,51
1452,HIG,2,51
716,CHAD,4,51
1223,LOG,2,51
1797,IPHO,1,50
759,HOE,3,50
655,CHPT,4,50
463,XOM,5,50
1287,QQQJ,4,50
255,200K,2,50
689,200M,3,50
1397,WEE,2,50
1303,FUKK,3,50
1425,AIDS,2,50
22,BAGS,5,50
1690,0CGN,2,50
1169,1DTE,4,50
637,FSR,5,49
933,PPI,4,49
636,BUTT,4,49
1701,ROAD,1,49
302,'VE,5,49
1672,SOAR,2,49
1798,LIN,1,48
1474,BUZZ,3,48
1446,GM3,1,48
1709,FOLD,2,48
693,LOCK,2,48
1801,PIC,1,48
1936,LSAT,1,48
1694,ENDS,2,47
1657,RESR,1,47
699,BB🍆,2,47
760,DAYY,1,47
1689,OCG,2,47
1573,MEAN,2,47
1502,YER,2,47
1804,MAS,1,46
1324,FFS,2,46
402,MAPS,3,46
1155,P500,4,46
1760,🚀🚀TO,1,46
1770,THEE,1,46
1424,HURT,1,46
862,SIX,5,46
375,LAM,2,46
1021,LAND,3,46
1758,SHAR,1,45
620,YEA,3,45
661,BBUY,3,45
19,EDIT,6,45
533,MIL,2,45
307,MODE,4,45
983,VERY,4,45
976,LIED,3,45
1055,125M,1,45
801,RING,4,45
102,BAC,4,45
1135,CAL,3,44
472,ATL,6,44
446,IDEA,2,44
614,HOT,3,44
1560,500P,1,43
1193,MRNA,4,43
797,DIRT,2,43
1075,AWS,4,43
1213,DRI,2,43
454,FOMC,1,43
1477,EATS,2,43
1717,REDS,1,43
1806,WARR,1,43
496,🚀AMC,3,43
1768,NIW,1,43
436,GREA,1,42
947,WSB\,1,42
585,BLNK,3,42
745,IMAX,2,42
1676,BOT,2,42
887,BET,3,42
1465,STFU,2,42
1726,FIRM,1,42
288,FILL,3,42
475,DOIN,3,42
639,BUYS,3,42
501,UPON,2,42
1965,2.5B,1,42
368,COW,2,41
602,ING,2,41
534,MOO,3,41
503,SUCH,3,41
1720,FAIL,2,41
1785,PLOW,1,41
734,DAM,3,41
786,GLAD,2,40
1625,MOMS,2,40
466,PULL,3,40
1443,ROOM,3,40
720,FINE,3,40
896,SUS,2,40
997,TQQQ,4,40
174,PYPL,4,40
1615,CC👀V,2,40
792,TOOO,2,40
1808,REF,1,40
1370,UWCM,1,39
779,COOL,2,39
1736,CHAT,2,39
1057,11AM,2,39
511,TEAR,3,39
301,FIVE,3,39
1851,💎🙌BB,2,39
930,XYZ,3,38
695,ARNT,2,38
1714,GOO🚀,1,38
1503,80K,2,38
1105,BRB,4,38
1599,ZOOM,2,38
1773,WHA,1,38
773,🚀GME,4,38
1570,1.9T,2,38
975,MONE,2,38
1857,MAK,1,38
451,BER,4,38
449,ARVL,3,37
1421,TODA,2,37
1670,TMR,1,37
1858,LETT,1,37
1895,OPE,2,37
854,NFL,2,37
517,PILE,2,37
560,HTBX,3,37
316,IDEX,3,37
1008,BIT,4,37
1979,MAGA,3,36
1280,205C,2,36
1924,COST,2,36
455,TLDR,3,36
1150,ROC,1,36
393,JERK,2,36
1774,REST,1,36
482,SLUT,3,36
698,🍇BB,2,36
672,IDC,2,36
507,JIM,3,36
820,FRO,2,36
679,310M,1,36
828,FUKT,3,35
878,CVS,3,35
2004,PICS,2,35
303,TENS,1,35
1058,WW2,3,35
601,HER,2,35
1052,TWTR,3,35
1423,SSX,1,35
736,BELT,2,35
481,KICK,2,35
1410,DBZ,1,35
1455,GEEE,2,35
702,134K,2,35
441,USPS,2,35
1172,DUE,2,35
642,ENPH,3,35
1504,GME-,2,35
1668,TREE,1,35
1016,SAFE,3,35
1128,140K,2,34
576,VACK,1,34
1730,RAT,1,34
1152,BIRD,2,34
432,NBA,3,34
731,GME/,2,34
333,MILF,2,34
1299,U.S,2,34
1807,SLEE,1,34
1181,SOY,1,34
1871,YMCA,2,34
1715,450M,1,34
681,450K,1,34
1067,JOKE,2,34
1182,CUCK,1,34
1404,HUH,1,33
1487,HES,3,33
1386,TOD,2,33
1716,NOW🚀,1,33
802,KOSS,3,33
569,MACD,3,33
1068,65K,2,33
1194,43K,1,33
712,WOOO,2,33
958,TALK,2,33
1598,JEWS,1,33
168,500K,3,33
1645,AMCC,2,32
562,60K,2,32
1891,SHO,2,32
1330,ADBE,2,32
705,EOD…,1,32
1203,900C,3,32
1242,WFH,3,32
1888,TSX,3,32
1669,700M,1,32
408,40B,2,32
1426,LAR,1,32
181,WKH,2,32
1968,JMIA,1,32
1712,PROF,1,32
965,RIPS,2,32
832,F150,4,32
625,INC,2,32
685,AKA,1,31
766,FACE,3,31
1197,DEMO,3,31
1534,BUL,2,31
1026,DEM,2,31
1176,TANK,2,31
1734,GOI,1,31
1622,HELP,2,31
1594,SDB,1,31
1733,WIFI,1,31
826,13B,3,31
1448,AMC😂,1,31
311,30B,2,30
730,MST,2,30
742,💙GME,1,30
1659,COKE,1,30
678,JUNE,1,30
1809,LINW,1,30
1156,ROCK,3,30
1651,1BR,1,30
920,11C,2,30
453,TTWO,3,30
381,CFL,2,30
1244,SKY,3,30
1834,SCUM,1,30
1107,0DT,3,30
1658,IMA,1,30
2015,MIA,2,30
439,WET,1,29
578,23C,1,29
1642,SET,2,29
1723,LEZ,1,29
706,BB^,1,29
1332,DIED,2,29
869,ABNB,4,29
763,BOIZ,2,29
940,GMEE,2,29
1363,EYE,2,29
244,PORN,2,29
1378,DMV,2,29
1505,WILD,2,29
991,TIK,2,29
1418,250K,1,29
1454,DTCC,1,29
911,SOB,1,29
1910,MELV,1,29
680,EOW🚀,1,28
1960,PRES,2,28
883,ANTS,3,28
803,UMC,3,28
697,I.T,1,28
1434,MSOS,2,28
1364,SOM,2,28
1373,BOND,2,28
2030,GOAL,1,28
1883,BOOK,3,28
1610,SIR,2,28
1186,FUKD,2,28
304,P/L,4,28
692,UPP,1,28
1297,ABC,2,27
1900,INRG,1,27
294,PLA,2,27
939,UGLY,2,27
1073,200B,2,27
1886,ROLE,1,27
943,SOXL,3,27
690,BEE,1,27
1722,BROD,1,27
355,50MA,1,27
1740,FEAR,1,27
1859,TOOK,1,27
1721,BROS,1,27
497,RNG,1,27
1925,BAJ,1,27
1574,ARMS,2,27
240,CLII,2,27
1673,BZUN,1,27
1943,MEL,1,27
258,FDS,3,27
1491,PASS,2,27
1741,BUSY,1,26
1747,JUS,1,26
1498,KETS,1,26
1860,GAPS,1,26
1739,RECE,1,26
1707,CC👁V,2,26
1630,AHPA,2,26
1862,NEE,1,26
1861,AFTE,1,26
1096,DMT,1,26
1631,YIP,2,26
1234,MSF,2,26
1019,REKT,2,26
649,GTFO,1,26
1037,SMH,3,26
918,GAT,1,26
370,DFH,2,26
707,BB…,1,26
229,SRNE,2,26
581,CLF…,1,26
696,73C,1,26
673,30C,2,26
218,SPC,2,26
658,POMP,2,26
1020,LMND,3,26
126,BODY,2,26
647,BB=,1,26
523,ADHD,2,25
54,NEGG,4,25
450,RATE,2,25
748,BUYI,2,25
1581,CODE,1,25
1674,🚀LAC,1,25
1848,UP🚀🚀,1,25
1991,DEMS,1,25
1992,GONN,1,25
1724,VYST,1,25
577,162M,1,25
1845,NSF,1,25
600,EARL,1,25
1557,FIT,1,25
1825,BEFO,1,25
337,NUTS,2,25
1954,17K,1,25
882,DPO,2,25
1411,FANS,1,25
1939,130M,2,25
895,UWMS,2,25
350,BAN,2,25
778,OOH,1,25
1512,RTK,2,25
1606,IBKR,2,25
417,CCXI,2,25
493,GOGO,2,24
1478,WPG,1,24
924,LAZR,3,24
1166,LOS,1,24
1296,CUTE,1,24
281,MMS,2,24
756,FORD,3,24
412,DINE,2,24
58,BOA,2,24
1703,390C,1,24
1219,ICU,2,24
27,CRSP,3,24
583,233M,1,24
1844,12K,1,24
1362,CRAK,2,24
1358,TYPE,2,24
1562,STR8,1,24
1612,SUED,2,24
1744,RES,1,24
1738,ALRE,1,24
1123,YEP,3,24
1204,NET,2,24
1626,HIMX,2,24
1251,ESPN,1,24
790,BBW,2,23
1536,WYA🚀,1,23
650,BB😅,1,23
1660,HLYN,1,23
931,CANC,2,23
937,BFLY,2,23
1013,FSLY,2,23
1852,LEST,1,23
1850,BB🌙,1,23
1853,LWTS,1,23
1854,ETSY,1,23
893,ATT,2,23
1270,SUM,2,23
1195,8AM,1,23
1865,WOUL,1,23
701,OOO,1,23
703,107K,1,23
1202,CLUB,2,23
1864,ITTT,1,23
1863,GETT,1,23
1004,GPRO,3,23
237,PCE,2,23
1060,CFO,2,23
1051,EDR,2,23
361,DEBT,2,23
283,LGF,1,23
1090,MED,1,23
389,ASK🚀,1,23
1106,CNN,3,23
1869,BB💎✋,1,22
822,50B,3,22
1327,GDP,2,22
1620,COO,2,22
1912,PPL,1,22
1039,EARN,2,22
1867,BB🚂🚂,1,22
1412,VIES,1,22
710,ROI,1,22
1291,MIC,3,22
1913,1.4K,1,22
1849,JUPI,1,22
1866,DUBS,1,22
1405,PAPI,1,22
1371,AZN,1,22
1547,27C,2,22
440,GVT,1,22
1368,TOYS,2,22
987,THC,1,22
1915,PRI,1,22
483,DKN,2,22
708,10MA,1,22
988,TOWN,2,22
1408,224M,1,22
1926,NYT,1,21
1868,ATLE,1,21
1519,SELF,1,21
1118,750C,2,21
1927,REPE,1,21
1493,AIN,1,21
502,SOUL,1,21
1492,TOK,1,21
1518,NOTE,1,21
1966,10B,1,21
1479,120K,1,21
1585,O.O,1,21
591,MINI,1,21
807,IPO\,1,21
1286,ANUS,2,21
1996,GOP,2,21
652,YHE,1,21
657,GAIN,1,21
1331,IROB,1,21
630,AIM,1,21
1406,AMC-,1,21
1407,BUX,1,21
1153,WOLF,2,21
1990,CRM,2,21
525,PISS,2,21
1652,POT,1,21
1437,AMA🤡,1,21
1438,MINE,1,21
951,401K,2,21
1882,TSE,2,21
1538,BEAT,1,21
1129,48K,1,21
554,CP3,1,21
1811,PATH,1,20
1066,UPS,2,20
1516,MODZ,1,20
837,15C,2,20
1885,REEE,2,20
1901,GOUR,1,20
1266,EKG,2,20
411,UFO,2,20
202,DIK,2,20
1928,LERS,1,20
1917,HEA,1,20
1914,XXX,1,20
1146,800K,1,20
1145,MEOW,1,20
2005,RACE,1,20
1916,T-9,1,20
1856,^THE,1,20
1550,YORK,1,20
221,ROTH,2,20
1634,NNAA,1,20
575,MEDS,2,20
1148,PINA,1,20
1345,ABDL,1,20
51,JULY,2,20
713,BAE,1,20
1967,MOFO,1,20
1563,AM-,1,20
1119,AYYY,1,19
2011,FDX,2,19
762,NTF,1,19
1677,LUCK,1,19
1439,YOY,1,19
1919,FINI,1,19
1855,BYND,1,19
2006,3.2K,1,19
443,EDI,1,19
1903,🌊🌊👁V,2,19
1661,SDNL,1,19
1344,MAX,2,19
1826,FRID,1,19
1870,300M,1,19
932,P100,1,19
382,DNA,2,19
1124,CCP,2,19
1572,/AMC,1,19
1564,YOOO,1,19
715,🚀💎BB,1,19
1355,USO,2,19
1812,HAN,1,19
964,STAT,2,19
1813,WEEE,1,18
1149,OOD,1,18
1178,GEVO,2,18
1934,KILL,1,18
663,SITS,1,18
1662,IMMA,1,18
1653,SNES,1,18
1413,FIST,1,18
1997,MELT,1,18
1414,DIC,1,18
1887,THA,1,18
1520,FVKS,1,18
1955,JOSH,1,18
973,FOOD,2,18
445,ASF,1,18
1565,WOU,1,18
358,SEX,1,18
1586,GPU,1,18
1587,FLEW,1,18
1326,BUS,1,18
1918,FORT,1,18
594,GILT,1,18
1458,T-1,1,18
299,LFGO,2,18
839,ANAL,2,18
840,GEY,2,18
1691,BTC,1,18
948,FRAD,1,18
1998,STEE,1,18
1920,JUIC,1,17
1623,AVG,1,17
1388,ST.,1,17
1409,PETA,1,17
1816,CNET,1,17
1815,SMUG,1,17
286,URL,1,17
1827,MFS,1,17
1828,GIFT,1,17
1829,INNN,1,17
464,IRL,2,17
505,DEC,1,17
506,25M,1,17
596,BARK,1,17
604,🦍🦍A,1,17
635,🍌🍌BB,1,17
1678,PERF,1,17
660,HITI,1,17
666,BBB,1,17
1333,TEA,1,17
744,🚀SKY,1,17
788,SHA,1,17
808,360K,2,17
1450,THO,1,17
1440,700K,1,17
910,SIDE,2,17
1077,JIT,1,17
1294,LAID,2,17
2002,AT🔥,1,17
1185,APXT,1,17
1930,20B,1,17
1972,UNIV,1,17
1306,FEA,1,17
1931,800B,1,17
2009,LITE,1,17
1262,6MM,1,17
2008,LESB,1,17
1098,WPM,1,17
1664,I-35,1,16
1933,SOFT,1,16
1932,PAPE,1,16
1025,GOLD,1,16
1588,HON,1,16
1179,MSTR,2,16
1956,AIDE,1,16
1665,DFW,1,16
671,70C,1,16
1389,WRAP,1,16
1987,HOUS,1,16
874,LUV,2,16
783,SURE,1,16
1935,THD,1,16
1415,90K,1,16
1215,140C,2,16
1693,YALA,1,16
1692,OGCN,1,16
634,UHHH,1,16
171,NOWW,1,16
959,FUB,1,16
1276,TLT,1,16
1937,3.5M,1,16
1680,SWAN,1,16
1494,UWSM,1,16
1679,CRON,1,16
855,M-F,2,16
606,LOTZ,1,16
785,GAI,1,16
1986,ARAB,1,16
1929,GTAV,1,16
516,DOG,1,16
771,MGM,2,16
981,VAN,2,16
1814,ADD,1,16
729,💎BB💎,1,16
1817,BB.,1,16
1308,BOAT,1,16
1818,ZERO,1,16
1207,RUNS,1,16
1191,WASO,2,16
94,WMT,2,16
1985,UBI,1,16
1589,HANG,1,16
1591,RATS,1,15
1889,🚀BB🚀,1,15
323,THRU,1,15
899,ETH,2,15
607,40C,1,15
609,CAP,1,15
1229,WTH,2,15
1428,FORM,2,15
1602,BDE,1,15
1705,TRIL,1,15
169,SI\,1,15
1482,SHOP,1,15
1872,SRPT,1,15
1567,9AM,1,15
1444,NOSE,1,15
1624,CC👁,1,15
1873,CUP,1,15
1874,👁️V,1,15
638,PAA,1,15
1875,QCLN,1,15
1944,ME\,1,15
1553,TAX,1,15
1462,EMM,1,15
1506,SPF,1,15
452,BICH,1,15
1461,GEE,1,15
1632,ARKW,2,15
515,CL🍀V,1,15
512,DRY,1,15
536,BUSS,1,15
1309,ANTZ,1,15
1387,2PM,1,15
1093,LES,1,15
1535,DOA,1,15
1981,TDOC,2,15
1110,\+4K,1,15
1002,DAQ,2,15
232,ODTE,2,15
214,45C,1,15
1902,40US,1,15
1683,BEAM,1,14
1521,29C,1,14
1264,NNOX,1,14
1600,DANM,1,14
1876,17C,1,14
1958,59C,1,14
1463,KID,1,14
669,BBQ,1,14
215,LAZY,1,14
1175,TTD,2,14
1566,RAID,1,14
1682,527M,1,14
1559,UAL,1,14
1168,CMG,1,14
1666,MID,1,14
644,BB2,1,14
1552,BETT,1,14
1187,COI,1,14
718,AMC✅,1,14
719,HEAT,1,14
1627,GRPE,1,14
1496,DIET,1,14
1489,TING,1,14
1628,CCI,1,14
1663,NDL,1,14
1511,MOD,1,14
1681,556M,1,14
789,OVEN,1,14
1027,CNBS,1,14
1490,WONG,1,14
1667,NXT,1,14
1528,AMCX,1,14
1334,FCK,1,14
2028,BFT,2,14
1890,THOT,1,14
613,CL0V,1,14
1417,SIZE,1,14
936,1.5M,1,14
1298,SHR,1,14
1127,TXMD,1,14
1126,INUV,1,14
1125,IPOE,1,14
2018,STIC,2,14
514,SHOR,1,14
1390,GATE,1,14
1695,GEN,1,14
254,FAK,1,14
1833,COP,1,14
1832,TEH,1,14
1830,WHI,1,14
1359,QUAD,1,14
1316,BUZ,1,14
1317,HAIR,1,14
1083,OTC,1,14
79,NTLA,2,14
2035,DOOM,2,14
616,HIDE,1,14
1945,JRP,1,14
1697,ZOMG,1,14
1451,OUTA,1,14
1938,KTOS,1,14
1445,SENT,1,14
1281,705C,1,13
1614,SCKT,1,13
765,TARD,1,13
767,DGAF,1,13
1318,U.K,1,13
1467,WANK,1,13
1361,DEEZ,1,13
1836,SAD,1,13
18,70M,1,13
1959,SINS,1,13
1311,FUVK,1,13
623,W1SH,1,13
1453,DARK,1,13
1372,SAF,1,13
1957,LEGS,1,13
293,O.G,1,13
1086,MNM,1,13
1554,NAN,1,13
1575,NIO=,1,13
1820,LAU,1,13
1973,PAYS,1,13
95,CPNG,2,13
1592,GUTS,1,13
1578,LTR,1,13
1593,6PM,1,13
1595,CORE,1,13
1819,SEAT,1,13
722,SLAM,1,13
1597,UAVS,1,13
732,ADDY,1,13
1877,🚀BB,1,13
1696,JAN,1,13
919,SQUE,1,13
1346,ICE,1,13
1880,HAP,1,13
1376,MAC,1,13
624,KODK,1,13
1940,🚀BRO,1,13
2017,13D,1,13
1684,WAYS,1,13
1158,EBET,2,13
1483,93K,1,13
1419,FURY,1,13
640,BIIB,1,13
610,SDC,1,13
1484,35K,1,13
615,^GME,1,13
1485,LEE,1,13
618,DIV,1,13
1396,SMFH,1,13
563,GLTO,1,13
1988,COUP,1,13
1946,5MM,1,13
879,RUN…,1,13
1252,XXVI,1,13
1942,DAT,1,13
2016,DOE,1,13
1524,BETS,1,13
2029,SLV,2,13
1279,GUSH,1,13
1071,75K,1,12
564,OPRH,1,12
1188,😘😘I,1,12
643,WIL,1,12
735,BB😎😎,1,12
1596,WOOT,1,12
1604,DOO,1,12
1706,KEE,1,12
621,120M,1,12
622,🌙🌚🌕I,1,12
1824,DDS,1,12
724,DOGS,1,12
1084,RRSP,1,12
1605,WIPE,1,12
1698,SAVA,1,12
1835,CHE,1,12
2003,DDOG,1,12
1699,FEYE,1,12
1700,111B,1,12
367,ENOB,1,12
1629,OIL,1,12
1094,MSIV,1,12
1014,KIND,1,12
1656,COM,1,12
1607,COMP,1,12
521,CLEN,1,12
1685,DOGG,1,12
537,WSB…,1,12
1209,SCR,1,12
544,SEN,1,12
1069,160K,1,12
1609,80C,1,12
1070,110K,1,12
1099,SKIL,1,12
830,😂GME,1,12
1431,DUM,1,12
1282,DISB,1,12
132,VTGN,1,12
1374,NEK,1,12
1375,PUSY,1,12
1961,AHHH,1,12
1893,ILY,1,12
1892,69M,1,12
1525,NSAV,1,12
1523,SEAS,1,12
1522,DOTH,1,12
1430,MET,1,12
1941,FIB,1,12
1555,FRYI,1,12
1879,AGRE,1,12
1510,SONG,1,12
1878,JOEY,1,12
1508,OOGA,1,12
1507,GMR,1,12
1468,UP-,1,12
1469,WAVE,1,12
962,DCA,1,12
1947,PTSH,1,12
1488,3/5C,1,12
1310,RAM,1,12
1495,UWMH,1,12
746,AMMO,1,12
1582,DAFT,1,12
1319,NIO😳,1,12
1218,RUFF,1,12
1320,GPS,1,12
1576,AHAH,1,12
1577,AREC,1,12
1360,QUOT,1,12
1568,3MIL,1,12
1556,GS2C,1,12
1583,PUNK,1,12
1337,NFT,1,12
1471,CPTL,1,11
1342,MÁS,1,11
1429,GOKU,1,11
1708,AIR,1,11
1087,11M,1,11
1975,ESGV,1,11
1433,HIIT,1,11
1435,BYY,1,11
1041,CTXR,1,11
1347,ZONE,1,11
1268,BEA,1,11
1884,ARKA,1,11
1470,MLVN,1,11
1881,POEM,1,11
1948,ILCN,1,11
1267,THY,1,11
1341,QUE,1,11
1823,EXPR,1,11
1473,BONR,1,11
1338,REPO,1,11
1472,ARSE,1,11
894,F-15,1,11
849,MMND,1,11
2031,AT4,1,11
2021,FLIR,1,11
1100,YTHI,1,11
1312,4AM,1,11
1059,VXXT,1,11
341,18M,1,11
1048,113M,1,11
880,575P,1,11
456,KMI,1,11
459,NUE,1,11
460,STLD,1,11
461,PTD,1,11
462,TEST,1,11
471,ATOS,1,11
489,RICK,1,11
2019,BO2,1,11
1365,TNT,1,11
1392,OK.,1,11
1254,GRE,1,11
1399,DIP\,1,11
1400,UST,1,11
1401,20Y,1,11
1898,TOT,1,11
567,CLOF,1,11
570,IVR,1,11
1130,JOI,1,11
25,'EM,1,11
1894,FADE,1,11
305,KFC,1,11
850,PALI,1,11
1394,OOOF,1,11
1974,ALEX,1,11
1499,TRXC,1,11
1977,LPT,1,11
1989,FOX,1,11
977,ARKQ,1,11
1526,388C,1,11
222,AREA,1,11
1527,RKT🚀,1,11
1529,GALS,1,11
1001,LRY,1,11
1633,BILI,1,11
768,GME🤪,1,11
1962,LEAV,1,11
1618,CCJ,1,11
1654,FUCC,1,11
1616,PORT,1,11
1210,EOY\,1,11
1072,18P,1,11
753,TOMO,1,11
752,NEY,1,11
751,VOL,1,11
1220,TLYR,1,11
738,CHEN,1,11
739,DES,1,11
740,THT,1,11
774,🚀NOK,1,11
1580,GAR,1,11
1030,STOC,1,11
1513,CAGE,1,11
966,WID,1,11
1995,POD,1,11
1994,PREZ,1,11
645,FDA,1,11
1655,YEET,1,11
1500,25K,1,11
1514,HEDG,1,11
1579,ETFS,1,10
413,BEEP,1,10
1963,VTI,1,10
383,TURD,1,10
1034,ETA,1,10
1501,BOTT,1,10
1102,MSIS,1,10
1617,D.NN,1,10
1905,220C,1,10
1050,AOL,1,10
1381,DEE,1,10
1049,POTX,1,10
414,BOOP,1,10
1029,19K,1,10
1619,OVE,1,10
1382,DIT,1,10
1383,FLEE,1,10
2027,FUNN,1,10
884,550P,1,10
2026,22K,1,10
2025,52K,1,10
2024,-5K,1,10
986,POO,1,10
1976,750B,1,10
1339,PTS,1,10
1964,33C,1,10
1340,150P,1,10
1821,DOMT,1,10
280,KISS,1,10
1328,CROW,1,10
960,180P,1,10
1348,FNKO,1,10
1323,2K+,1,10
1322,WAT,1,10
1352,🤝TSM,1,10
1321,LEAD,1,10
1222,409C,1,10
1970,CLOS,1,10
1061,TSAL,1,10
1969,ICUM,1,10
1212,CHET,1,10
1313,1.5K,1,10
343,BOWL,1,10
1095,TRIP,1,10
1978,765C,1,10
351,126M,1,10
353,105C,1,10
967,WW3,1,10
2022,MT😻,1,10
545,TWNK,1,10
1142,PTO,1,10
1198,PSG,1,10
1539,CEO\,1,10
142,AMC/,1,10
1530,PTRL,1,10
1138,GHZ,1,10
1896,DONG,1,10
1952,TOPS,1,10
546,CUK,1,10
938,MINU,1,10
1285,GNUS,1,10
1533,MUH,1,10
568,EDGE,1,10
1531,53M,1,10
1134,MOOD,1,10
1192,CON,1,10
574,24K,1,10
1131,JFC,1,10
1398,CUNT,1,10
139,SOF,1,10
972,POKE,1,10
1542,EXPI,1,10
1201,FAN,1,10
1283,WBA,1,10
465,RUG,1,10
467,EEM,1,10
468,TAK,1,10
470,MATE,1,10
769,WTFF,1,10
1115,EARF,1,10
1132,ICAR,1,10
1515,MR.,1,10
1949,ATTN,1,10
201,LARP,1,10
2020,GHIV,1,10
1993,REMX,1,10
851,RIS,1,10
852,RAIL,1,10
1301,TERD,1,10
2000,EXP,1,9
2012,FLYS,1,9
147,RAD,1,9
148,HOD,1,9
2001,GIME,1,9
1980,THOS,1,9
1971,60M,1,9
1904,VEE,1,9
2023,BED,1,9
231,AT0S,1,9
236,HECK,1,9
1982,GME🤡,1,9
1983,FURI,1,9
56,ZIM,1,9
2007,65B,1,9
230,JAM,1,9
1906,^^BB,1,9
1953,TMRW,1,9
1897,OTW,1,9
70,90C,1,9
1999,TOS,1,9
1984,REDO,1,9
1950,325K,1,9
758,ERA,1,9
914,CUT,1,9
1380,400C,1,9
342,HAM,1,9
1314,SNB,1,9
1315,WAP,1,9
1120,GUHS,1,9
1353,FYI-,1,9
1354,BTFO,1,9
1367,WHOA,1,9
1395,LORD,1,9
1265,SEAL,1,9
1112,H.B,1,9
1402,70K,1,9
1111,J-G,1,9
853,YAS,1,9
1109,PYSK,1,9
809,418P,1,9
777,DIDT,1,9
945,FEW,1,9
1258,MBA,1,9
775,SIT,1,9
1171,LULU,1,9
1046,PFE,1,9
1045,NEX,1,9
1044,NUMB,1,9
1038,MRO,1,9
1032,GAWD,1,9
1031,SPX,1,9
1028,CRS,1,9
1173,BOW,1,9
1247,GODS,1,9
1200,BEVE,1,9
1205,GOSH,1,9
1216,PAMP,1,9
982,CUZ,1,9
980,13P,1,9
979,MAR,1,9
974,ORI,1,9
776,RONA,1,9
1121,495C,1,9
1532,FRX,1,9
410,GLD,1,9
1080,MOUF,1,9
772,IMP,1,9
572,GUN,1,9
571,YAWN,1,9
1062,430C,1,9
424,FEDS,1,9
1053,30Y,1,9
1108,NUMI,1,9
420,FKD,1,9
1545,500B,1,9
1544,10AM,1,9
419,DNKG,1,9
1541,RULL,1,9
1635,£ARB,1,9
1540,PUG,1,9
349,UNIT,1,9
386,SMD,1,9
272,1ET,1,8
1136,GRWG,1,8
1139,BAB,1,8
422,FLOW,1,8
435,CLIF,1,8
1248,XLNX,1,8
1951,EXT,1,8
1137,TV+,1,8
1250,COUR,1,8
1256,NCAA,1,8
1259,RMO🤧,1,8
1017,WOAT,1,8
954,TATA,1,8
1274,ACY,1,8
1275,€HAD,1,8
953,BURN,1,8
2037,OSTK,1,8
1122,BUD,1,8
941,405P,1,8
1288,DOMP,1,8
421,STA,1,8
1235,135C,1,8
234,RGB,1,8
994,30M,1,8
1003,INFL,1,8
998,MAH,1,8
1114,NVD,1,8
996,HSA,1,8
273,AWOL,1,8
1157,ARKD,1,8
1144,MEEE,1,8
52,4TH,1,8
995,USAF,1,8
992,TOKS,1,8
1233,325P,1,8
1043,POOP,1,8
1214,FUBU,1,8
277,REO,1,8
2036,WW84,1,8
2010,BEOM,1,8
990,NOOB,1,8
1221,NOES,1,8
53,MERI,1,8
1227,411C,1,8
1290,CHIP,1,8
1271,JSUT,1,8
864,MIN,1,8
1356,BB👀,1,8
800,LYV,1,8
199,RPG,1,8
805,10P,1,8
153,DAWN,1,8
861,45K,1,8
1113,PLBY,1,8
1403,HUG,1,8
1104,250M,1,8
885,HAAA,1,8
888,36K,1,8
1908,PEO,1,8
1366,14K,1,8
1357,BAGG,1,8
318,JOHN,1,8
915,420P,1,8
902,TED,1,8
903,A.I,1,8
906,BENT,1,8
1304,DEAL,1,8
1329,NIGH,1,8
921,57M,1,8
900,☠RIP,1,7
1255,400P,1,7
863,412C,1,7
1206,E.T,1,7
1151,UGH,1,7
1117,1M+,1,7
391,IPO…,1,7
841,ANVS,1,7
1006,PING,1,7
1190,NOPE,1,7
1005,GRPN,1,7
824,OTLY,1,7
1007,FKED,1,7
1177,CLI,1,7
1022,MILK,1,7
833,GOOG,1,7
395,FUTS,1,7
1161,CPR,1,7
390,DED,1,7
821,STI,1,7
891,POOL,1,7
806,SOUR,1,7
799,2.3K,1,7
1249,EUA,1,7
1133,O\_O,1,7
956,ANNO,1,7
923,VLDR,1,7
1236,ELY,1,7
2013,ACL,1,7
817,MPH,1,7
1116,SALT,1,7
1231,JPO,1,7
814,7.5M,1,7
106,OPEC,1,7
1226,DMXF,1,7
955,LEAK,1,7
1224,WMT-,1,7
989,LUCD,1,7
816,OLTY,1,7
825,300K,1,6
1159,VIS,1,6
827,STU,1,6
1162,SBUX,1,6
836,MDMA,1,6
829,EPIC,1,6
1638,FTS,1,6
2032,87K,1,6
107,BIBI,1,6
111,GNOG,1,6
1238,320C,1,6
1237,131C,1,6
1369,PNUS,1,6
890,EEET,1,6
1228,42B,1,6
103,WFC,1,6
396,AMC🍿,1,6
2033,240C,1,6
870,MYTH,1,6
866,PAM,1,6
847,SKIN,1,6
1644,TRVG,1,6
842,AUNT,1,6
1009,LIP,1,6
835,LSD,1,6
926,AMC👀,1,6
927,VTSA,1,5
1154,MOTO,1,5
1165,413C,1,5
925,PEAR,1,5
868,4.4K,1,5
1643,HILL,1,4
873,125C,1,4
845,PMI,1,4
1636,RDS,1,4
1637,VRTX,1,4
1164,24C,1,4
2034,VSPR,1,4
1639,YHOO,1,3
1641,PACB,1,3
1640,GCTY,1,3
2038,TMUS,1,3
1646,DMY,1,2
1647,UPWK,1,2
1649,TRYP,1,2
